{"bias_0": [-0.0009999932954087853, 0.0009999934118241072, -0.0009999932954087853, -0.0009999932954087853, -0.0009999932954087853, -0.0009999932954087853, -0.0009999934118241072, -0.0009999932954087853, -0.0009999932954087853, -0.0009999934118241072, -0.0009999932954087853, 0.0009999934118241072, 0.0009999932954087853, 0.0009999934118241072, -0.0009999932954087853, 0.0009999931789934635, 0.0009999934118241072, 0.0009999934118241072, 0.0009999932954087853, 0.0009999932954087853, 0.0009999934118241072, -0.0009999932954087853, -0.0009999934118241072, 0.0009999934118241072, 0.0009999932954087853, 0.0009999932954087853, 0.0009999932954087853, -0.0009999932954087853, 0.0009999934118241072, -0.0009999932954087853, 0.0009999934118241072, -0.0009999932954087853, 0.0009999931789934635, 0.0009999932954087853, 0.0009999932954087853, -0.0009999932954087853, -0.0009999932954087853, -0.0009999931789934635, -0.0009999934118241072, 0.0009999934118241072], "bias_1": [0.0009999934118241072, -0.0009999929461628199, 0.0009999932954087853, 0.0009999932954087853, 0.0009999934118241072, 0.0009999932954087853, -0.0009999932954087853, 0.0009999932954087853, -0.0009999932954087853, -0.0009999934118241072, 0.0009999931789934635, 0.0009999930625781417, 0.0009999934118241072, -0.0009999932954087853, -0.0009999932954087853, 0.0009999932954087853, 0.0009999930625781417, -0.0009999932954087853, 0.0009999934118241072, -0.0009999932954087853, 0.0009999932954087853, 0.0009999932954087853, 0.0009999932954087853, 0.0009999932954087853, 0.0009999932954087853, 0.0009999932954087853, -0.0009999934118241072, 0.0009999934118241072, 0.0009999932954087853, 0.0009999932954087853, -0.0009999934118241072, 0.0009999932954087853, -0.0009999932954087853, 0.0009999932954087853, -0.0009999932954087853, -0.0009999932954087853, -0.0009999934118241072, -0.0009999932954087853, -0.0009999930625781417, 0.0009999932954087853], "bias_2": [-0.0009999934118241072, -0.0009999932954087853, -0.0009999934118241072, -0.0009999934118241072, -0.0009999932954087853, -0.0009999932954087853, 0.0009999931789934635, -0.0009999932954087853, -0.0009999932954087853, -0.0009999932954087853, -0.0009999934118241072, 0.0009999932954087853, 0.0009999932954087853, 0.0009999934118241072, 0.0009999932954087853, 0.0009999932954087853, 0.0009999932954087853, -0.0009999932954087853, 0.0009999932954087853, -0.0009999934118241072, -0.0009999932954087853, 0.0009999934118241072, 0.0009999932954087853, -0.0009999932954087853, -0.0009999932954087853, -0.0009999934118241072, 0.0009999932954087853, -0.0009999934118241072, 0.0009999932954087853, 0.0009999932954087853, -0.0009999934118241072, -0.0009999931789934635, -0.0009999934118241072, -0.0009999934118241072, 0.0009999932954087853, 0.0009999934118241072, 0.0009999934118241072, -0.0009999932954087853, 0.0009999932954087853, 0.0009999931789934635], "bias_3": [0.0009999934118241072, -0.0009999932954087853, -0.0009999931789934635, 0.0009999930625781417, -0.0009999932954087853, 0.0009999932954087853, 0.0009999932954087853, 0.0009999932954087853, 0.0009999932954087853, 0.0009999932954087853, -0.0009999932954087853, 0.0009999934118241072, -0.0009999932954087853, -0.0009999934118241072, -0.0009999932954087853, -0.0009999934118241072, 0.0009999932954087853, 0.0009999934118241072, 0.0009999932954087853, 0.0009999932954087853, 0.0009999932954087853, 0.0009999932954087853, -0.0009999934118241072, 0.0009999932954087853, -0.0009999932954087853, 0.0009999932954087853, 0.0009999932954087853, 0.0009999932954087853, -0.0009999934118241072, -0.0009999932954087853, 0.0009999932954087853, -0.0009999934118241072, -0.0009999932954087853, -0.0009999932954087853, 0.0009999932954087853, 0.0009999932954087853, -0.0009999932954087853, -0.0009999932954087853, -0.0009999932954087853, -0.0009999931789934635], "bias_4": [0.0009999934118241072, -0.0009999932954087853, 0.0009999934118241072, 0.0009999932954087853, -0.0009999934118241072, 0.0009999932954087853, 0.0009999932954087853, 0.0009999932954087853, 0.0009999932954087853, -0.0009999931789934635, 0.0009999932954087853, -0.0009999932954087853, -0.0009999932954087853, -0.0009999934118241072, -0.0009999934118241072, 0.0009999932954087853, -0.0009999934118241072, -0.0009999934118241072, -0.0009999932954087853, 0.0009999932954087853, 0.0009999934118241072, -0.0009999932954087853, -0.0009999932954087853, -0.0009999930625781417, 0.0009999931789934635, 0.0009999934118241072, 0.0009999932954087853, -0.0009999932954087853, 0.0009999934118241072, -0.0009999932954087853, 0.0009999932954087853, 0.0009999932954087853, 0.0009999932954087853, -0.0009999932954087853, -0.0009999934118241072, -0.0009999932954087853, 0.0009999934118241072, 0.0009999932954087853, 0.0009999932954087853, -0.0009999932954087853], "bias_5": [0.0009999932954087853]}