{"bias_0": [0.0009999934118241072, -0.0009999932954087853, -0.0009999934118241072, -0.0009999934118241072, -0.0009999932954087853, -0.0009999932954087853, -0.0009999932954087853, 0.0009999932954087853, 0.0009999932954087853, -0.0009999932954087853, -0.0009999916655942798, -0.0009999932954087853, -0.0009999932954087853, -0.0009999932954087853, -0.0009999934118241072, -0.0009999932954087853, 0.0009999932954087853, 0.0009999932954087853, -0.0009999934118241072, 0.0009999932954087853, -0.0009999931789934635, -0.0009999859612435102, 0.0009999934118241072, 0.0009999934118241072, 0.0009999931789934635, 0.0009999932954087853, -0.0009999932954087853, 0.0009999932954087853, -0.0009999934118241072, -0.0009999934118241072, -0.0009999932954087853, 0.0009999932954087853, 0.0009999932954087853, -0.0009999932954087853, -0.0009999932954087853, -0.0009999932954087853, -0.0009999934118241072, -0.0009999932954087853, 0.0009999932954087853, -0.0009999932954087853], "bias_1": [0.0009999932954087853, 0.000999993528239429, -0.0009999932954087853, -0.0009999934118241072, -0.0009999934118241072, -0.0009999932954087853, 0.0009999932954087853, 0.0009999932954087853, -0.0009999932954087853, -0.0009999934118241072, 0.0009999932954087853, -0.0009999932954087853, -0.0009999934118241072, -0.0009999932954087853, 0.0009999934118241072, 0.0009999932954087853, 0.0009999934118241072, 0.0009999932954087853, -0.0009999932954087853, -0.0009999934118241072, 0.0009999931789934635, 0.0009999934118241072, -0.0009999932954087853, -0.0009999931789934635, 0.0009999932954087853, 0.0009999934118241072, 0.0009999934118241072, 0.0009999934118241072, 0.0009999932954087853, -0.0009999934118241072, 0.0009999932954087853, 0.0009999932954087853, -0.0009999934118241072, -0.0009999931789934635, -0.0009999932954087853, -0.0009999932954087853, 0.0009999934118241072, 0.0009999932954087853, 0.0009999932954087853, 0.0009999934118241072], "bias_2": [-0.0009999932954087853, -0.0009999932954087853, -0.0009999931789934635, -0.0009999932954087853, 0.0009999934118241072, -0.0009999932954087853, 0.0009999932954087853, -0.0009999932954087853, 0.0009999934118241072, -0.0009999934118241072, 0.0009999934118241072, -0.0009999934118241072, -0.0009999931789934635, 0.0009999932954087853, 0.0009999932954087853, -0.0009999934118241072, 0.0009999932954087853, -0.0009999934118241072, 0.0009999929461628199, -0.0009999934118241072, 0.0009999934118241072, -0.0009999932954087853, 0.0009999932954087853, 0.0009999934118241072, 0.0009999932954087853, 0.0009999934118241072, -0.0009999931789934635, 0.0009999934118241072, 0.0009999932954087853, -0.0009999932954087853, -0.0009999932954087853, -0.0009999932954087853, 0.0009999932954087853, 0.0009999932954087853, 0.0009999932954087853, 0.0009999932954087853, -0.0009999934118241072, 0.0009999934118241072, 0.0009999934118241072, 0.0009999934118241072], "bias_3": [0.0009999934118241072, 0.0009999934118241072, 0.0009999932954087853, 0.0009999934118241072, -0.0009999932954087853, -0.0009999925969168544, -0.0009999931789934635, -0.0009999932954087853, -0.0009999932954087853, 0.0009999932954087853, -0.0009999934118241072, 0.0009999932954087853, 0.0009999931789934635, 0.0009999934118241072, 0.0009999932954087853, 0.0009999932954087853, 0.0009999932954087853, 0.0009999932954087853, -0.0009999934118241072, 0.0009999931789934635, 0.000999993528239429, -0.0009999932954087853, 0.0009999932954087853, -0.0009999932954087853, -0.0009999934118241072, -0.0009999934118241072, -0.0009999934118241072, -0.0009999934118241072, 0.0009999934118241072, -0.0009999934118241072, 0.0009999927133321762, -0.0009999932954087853, 0.0009999934118241072, -0.0009999932954087853, 0.0009999932954087853, -0.0009999898029491305, 0.0009999934118241072, -0.0009999934118241072, -0.0009999932954087853, 0.0009999932954087853], "bias_4": [-0.0009999932954087853, -0.0009999932954087853, 0.0009999932954087853, 0.0009999932954087853, 0.0009999932954087853, -0.0009999932954087853, -0.0009999932954087853, 0.0009999934118241072, -0.0009999932954087853, 0.0009999927133321762, -0.0009999932954087853, -0.0009999934118241072, -0.0009999934118241072, 0.0009999932954087853, 0.0009999932954087853, 0.0009999932954087853, 0.0009999932954087853, -0.0009999934118241072, -0.0009999932954087853, -0.0009999934118241072, -0.0009999932954087853, -0.0009999932954087853, 0.0009999934118241072, 0.0009999932954087853, 0.0009999931789934635, 0.0009999932954087853, 0.0009999931789934635, 0.0009999934118241072, 0.0009999934118241072, 0.0009999932954087853, -0.0009999932954087853, 0.0009999932954087853, 0.0009999932954087853, 0.0009999931789934635, 0.0009999932954087853, -0.0009999932954087853, -0.0009999934118241072, -0.0009999932954087853, 0.0009999932954087853, -0.0009999932954087853], "bias_5": [0.0009999932954087853]}