{"bias_0": [-0.07070048898458481, 0.01982649601995945, -0.06668724864721298, -0.06847184896469116, -0.07344518601894379, 0.030116507783532143, -0.05694172531366348, -0.07379604130983353, -0.07140913605690002, 0.04581466689705849, -0.06810246407985687, 0.06432966142892838, -0.05199640989303589, 0.00639639375731349, -0.07281540334224701, 0.07585526257753372, 0.07296718657016754, 0.07205622643232346, 0.07542253285646439, 0.06959161907434464, 0.0625968649983406, -0.06825996190309525, -0.06557179987430573, 0.07605135440826416, 0.06811732798814774, 0.06327131390571594, 0.06689849495887756, 0.021092846989631653, -0.0414021871984005, -0.0687577873468399, -0.0037460399325937033, -0.05061880871653557, 0.06816796958446503, -0.04892042279243469, 0.07242126017808914, -0.035150639712810516, -0.07148253917694092, 0.057950425893068314, 0.05224720016121864, 0.07061651349067688], "bias_1": [0.06415241956710815, -0.07038232684135437, -0.05393689125776291, 0.06835217773914337, 0.07068827003240585, 0.0636390745639801, -0.06596065312623978, -0.05479588359594345, -0.06586414575576782, 0.045019712299108505, -0.056957900524139404, 0.06151412054896355, -0.006792470812797546, -0.06839199364185333, 0.06052228808403015, -0.053969405591487885, -0.05321117490530014, -0.06456246972084045, -0.05722874775528908, 0.017498064786195755, 0.07094772160053253, 0.06901450455188751, -0.06351537257432938, 0.06512058526277542, 0.06858810782432556, 0.07209833711385727, 0.03412003815174103, 0.0710139349102974, 0.06825235486030579, 0.06831181049346924, -0.062087636440992355, 0.06517919152975082, -0.05858738347887993, 0.0645877867937088, -0.06967944651842117, -0.06297675520181656, -0.06143916770815849, -0.0765397772192955, 0.06591617316007614, 0.06722395122051239], "bias_2": [-0.06654027104377747, -0.05985265597701073, -0.06489045172929764, -0.06490126997232437, -0.06167002394795418, -0.06047726795077324, 0.06791748851537704, -0.06408635526895523, -0.06427761167287827, -0.06652367115020752, 0.03820748254656792, 0.04267505928874016, -0.05636943131685257, 0.06361891329288483, 0.06365785747766495, 0.06104376167058945, -0.03743402287364006, -0.06631463766098022, 0.06463751196861267, -0.060350529849529266, -0.05797382444143295, 0.06176403909921646, 0.016936441883444786, 0.04185647517442703, -0.06354048103094101, -0.06437361240386963, -0.055056050419807434, -0.06201070547103882, -0.01902048848569393, 0.06497640162706375, -0.0713307186961174, -0.05834207311272621, -0.05953393131494522, -0.06403272598981857, 0.06542717665433884, -0.046466100960969925, 0.0644029900431633, 0.04168006405234337, 0.05777546018362045, 0.0677320659160614], "bias_3": [0.05382930114865303, -0.05497372895479202, 0.037199798971414566, 0.0542154461145401, -0.01780654303729534, 0.055667657405138016, 0.05319421738386154, 0.05655425041913986, 0.05618860572576523, 0.06427879631519318, -0.05601095035672188, 0.054426100105047226, -0.06748480349779129, 0.045225366950035095, -0.05862965062260628, -0.009533152915537357, 0.0607215091586113, -0.04613079875707626, -0.050709184259176254, 0.031415682286024094, -0.01857845112681389, 0.05665799602866173, 0.02069734036922455, -0.029245074838399887, -0.05234315246343613, 0.06361951678991318, 0.05962927266955376, 0.05613825470209122, -0.06125840172171593, 0.025238322094082832, 0.06329240649938583, -0.05293809622526169, -0.05707290396094322, -0.05170036479830742, 0.061229005455970764, 0.053980275988578796, -0.0532950684428215, -0.05794408172369003, -0.05090392380952835, -0.052641935646533966], "bias_4": [0.05088845267891884, -0.05024860054254532, 0.04645228013396263, 0.057947952300310135, -0.05623188614845276, 0.05888156220316887, 0.05069821700453758, 0.0525224544107914, 0.052742086350917816, -0.05934782698750496, 0.05328402295708656, -0.05956021696329117, -0.0551614984869957, -0.0636904165148735, -0.0418679304420948, 0.0569932796061039, -0.04632145166397095, -0.04860762134194374, -0.04739472642540932, 0.05704265832901001, 0.06353606283664703, -0.061908185482025146, -0.054734960198402405, -0.06252603977918625, 0.06787595897912979, 0.05303815007209778, 0.057163871824741364, -0.05572490021586418, 0.04822245612740517, -0.049643926322460175, 0.051101747900247574, 0.051011864095926285, 0.047841913998126984, -0.05278544872999191, -0.05189070478081703, -0.0723472610116005, 0.06295556575059891, 0.05739808827638626, 0.05186469480395317, -0.05249027535319328], "bias_5": [0.09826941043138504]}