{"bias_0": [-0.07389736920595169, 0.022631071507930756, -0.06853671371936798, -0.0703008621931076, -0.07607094943523407, 0.02986842952668667, -0.060015156865119934, -0.07601653039455414, -0.07531992346048355, 0.04613481089472771, -0.069577656686306, 0.06664756685495377, -0.054683879017829895, 0.009752701036632061, -0.07568658143281937, 0.0786675289273262, 0.0754978284239769, 0.07442478835582733, 0.0780295580625534, 0.07142289727926254, 0.06377860903739929, -0.07046766579151154, -0.06678099185228348, 0.07921543717384338, 0.06989660859107971, 0.0644785538315773, 0.06983311474323273, 0.02197212353348732, -0.042028024792671204, -0.07058507204055786, -0.005105589982122183, -0.05494367331266403, 0.07169434428215027, -0.05060639604926109, 0.07453054189682007, -0.04048551246523857, -0.0748128741979599, 0.05959688499569893, 0.05371745675802231, 0.07252264022827148], "bias_1": [0.06530340015888214, -0.07223184406757355, -0.05548568814992905, 0.06969363242387772, 0.07304304838180542, 0.06513088941574097, -0.06717554479837418, -0.056141141802072525, -0.06690969318151474, 0.04559547081589699, -0.05902829393744469, 0.06226259842514992, -0.011031619273126125, -0.0696190595626831, 0.062076956033706665, -0.05708926171064377, -0.05439829081296921, -0.06562989205121994, -0.06389320641756058, 0.017455710098147392, 0.07244009524583817, 0.07041830569505692, -0.06516587734222412, 0.06604568660259247, 0.0697731077671051, 0.07424475997686386, 0.03617556765675545, 0.07295414060354233, 0.06959501653909683, 0.06948743015527725, -0.06300152838230133, 0.06632900983095169, -0.06061728671193123, 0.06568937748670578, -0.07119248807430267, -0.06460684537887573, -0.06204213574528694, -0.07893528789281845, 0.06714373826980591, 0.06906573474407196], "bias_2": [-0.06741811335086823, -0.06159462779760361, -0.06573031842708588, -0.06604030728340149, -0.062154822051525116, -0.06114644557237625, 0.06881910562515259, -0.06469909846782684, -0.06642985343933105, -0.06769077479839325, 0.03943091258406639, 0.04412639141082764, -0.05740243196487427, 0.06440676003694534, 0.06583232432603836, 0.06161314621567726, -0.039808742702007294, -0.0677219107747078, 0.06589403003454208, -0.06107842177152634, -0.058488328009843826, 0.06233017146587372, 0.017756493762135506, 0.045128557831048965, -0.06429324299097061, -0.06523613631725311, -0.05593351647257805, -0.0626620352268219, -0.020896922796964645, 0.06567951291799545, -0.07344597578048706, -0.05927252769470215, -0.0600617416203022, -0.06463836878538132, 0.0661671832203865, -0.047862619161605835, 0.06519671529531479, 0.04409276694059372, 0.05819711834192276, 0.06872005760669708], "bias_3": [0.05441611632704735, -0.055263273417949677, 0.03794689476490021, 0.05516841635107994, -0.01570342853665352, 0.056107327342033386, 0.05350286513566971, 0.057069092988967896, 0.05659407749772072, 0.06491156667470932, -0.056367918848991394, 0.05470572039484978, -0.06835031509399414, 0.04614259675145149, -0.05898360162973404, -0.006995410192757845, 0.06180544197559357, -0.04775591567158699, -0.05184362083673477, 0.029684336856007576, -0.021412784233689308, 0.05710582062602043, 0.022254928946495056, -0.03125375509262085, -0.05268106982111931, 0.06548909842967987, 0.06020691245794296, 0.0563989020884037, -0.061999257653951645, 0.02609645016491413, 0.06367971748113632, -0.05324932187795639, -0.057717639952898026, -0.051984719932079315, 0.061761967837810516, 0.054184507578611374, -0.056446623057127, -0.058402348309755325, -0.05110543593764305, -0.05466138944029808], "bias_4": [0.051643095910549164, -0.051194045692682266, 0.04725954681634903, 0.061408720910549164, -0.05856313556432724, 0.061926402151584625, 0.05158669501543045, 0.05380785092711449, 0.05482792481780052, -0.0610177256166935, 0.055042482912540436, -0.06598592549562454, -0.05678444728255272, -0.0686357393860817, -0.04263906925916672, 0.05873880535364151, -0.047197405248880386, -0.04953324794769287, -0.04801095649600029, 0.059644915163517, 0.06805925816297531, -0.06666666269302368, -0.05630151554942131, -0.06449398398399353, 0.07081028074026108, 0.05458720400929451, 0.059413932263851166, -0.05779595300555229, 0.04854169487953186, -0.051225338131189346, 0.05261804163455963, 0.052346907556056976, 0.04866250231862068, -0.05460033565759659, -0.053421035408973694, -0.07880101352930069, 0.0675576850771904, 0.060234688222408295, 0.05332626774907112, -0.05450346693396568], "bias_5": [0.19255664944648743]}